{"name":"BlueBird","position":{"x":0.3675495982170105,"y":0.5662252306938171,"z":15.0}}
{"name":"Cube 1X3","position":{"x":0.7052978277206421,"y":-0.407284677028656,"z":15.0}}
{"name":"Cube 1X3","position":{"x":0.2582782208919525,"y":-0.387417197227478,"z":15.0}}
{"name":"Finish","position":{"x":1.0728473663330079,"y":-0.06953635811805725,"z":14.0}}
{"name":"Start","position":{"x":-0.17880789935588838,"y":0.07947009801864624,"z":14.0}}
