{"name":"Cube 1X3","position":{"x":1.0924451351165772,"y":-0.3986084461212158,"z":15.0}}
{"name":"Start","position":{"x":-0.03081512451171875,"y":-0.7962228059768677,"z":14.0}}
{"name":"Finish","position":{"x":1.1719682216644288,"y":-0.5874751806259155,"z":14.0}}
{"name":"Terrain (16x16)_24","position":{"x":0.4264415204524994,"y":-1.0248509645462037,"z":15.0}}
{"name":"Cube 1X3","position":{"x":0.744532585144043,"y":-1.0149106979370118,"z":15.0}}
{"name":"BlueBird","position":{"x":-0.1003977507352829,"y":0.40656065940856936,"z":15.0}}
{"name":"ChickenArea","position":{"x":-0.8061630129814148,"y":-0.21968194842338563,"z":0.0}}
{"name":"Cube 1X3","position":{"x":-0.7664016485214233,"y":-0.4980120062828064,"z":15.0}}
{"name":"Cube 2X1","position":{"x":-0.3687872886657715,"y":-0.4980120062828064,"z":15.0}}
{"name":"Cube 1X3","position":{"x":0.06858857721090317,"y":-0.5079523324966431,"z":15.0}}
