{"name":"Terrain (16x16)_22","position":{"x":-0.4880717694759369,"y":-0.685126543045044,"z":15.0}}
{"name":"Terrain (16x16)_22","position":{"x":-0.4880717694759369,"y":-0.8441722393035889,"z":15.0}}
{"name":"Terrain (16x16)_37","position":{"x":-0.4880717694759369,"y":-1.192084789276123,"z":15.0}}
{"name":"Terrain (16x16)_22","position":{"x":-0.4880717694759369,"y":-1.0131584405899048,"z":15.0}}
{"name":"Cube 1X3","position":{"x":-0.2594432830810547,"y":-1.2020251750946046,"z":15.0}}
{"name":"Cube 1X3","position":{"x":0.2077535092830658,"y":-1.2020251750946046,"z":15.0}}
{"name":"ChickenArea","position":{"x":0.2773358225822449,"y":-0.925447404384613,"z":0.0}}
{"name":"BlueBird","position":{"x":0.22763411700725556,"y":0.7246518731117249,"z":15.0}}
{"name":"Finish","position":{"x":1.3409541845321656,"y":-0.08051696419715882,"z":14.0}}
{"name":"Start","position":{"x":-0.7266402244567871,"y":-0.09045732021331787,"z":14.0}}
